'cornellnumber','NameQTL','FatherQTL','MotherQTL','Population','name','generationdescription','number','mom','dad','sex_male.1_'
'F05F563',F05F563F206F2ped1,F05F439F206F2ped1,F05F590F206F2ped1,F206,Aval_05,F1,1,7,8,1
'F05F323',F05F323F206F2ped1,F05F594F206F2ped1,F05F511F206F2ped1,F206,Daniya_05,F1,2,9,10,2
'F06F539',F06F539,F05F563F206F2ped1,F05F323F206F2ped1,F206,1m,F2,3,1,2,1
'F06F538',F06F538,F05F563F206F2ped1,F05F323F206F2ped1,F206,2f,F2,4,1,2,2
'F06F537',F06F537,F05F563F206F2ped1,F05F323F206F2ped1,F206,3f,F2,5,1,2,2
'F06F536',F06F536,F05F563F206F2ped1,F05F323F206F2ped1,F206,4f,F2,6,1,2,2
'F05F439',F05F439F206F2ped1,0,0,F206,6817(03),aggr,7,0,0,1
'F05F590',F05F590F206F2ped1,0,0,F206,Aglaida_04,tame,8,0,0,2
'F05F594',F05F594F206F2ped1,0,0,F206,6711(02),aggr,9,0,0,1
'F05F511',F05F511F206F2ped1,0,0,F206,Dezhi_03,tame,10,0,0,2
'F05F328',F05F328F206F2ped10,F05F439F206F2ped10,F05F505F206F2ped10,F206,Dastin_05,F1,103,109,110,1
'F05F090',F05F090F206F2ped10,F03S207F206F2ped10,F03S134F206F2ped10,F206,Pavlina_04,F1,104,111,112,2
'F06F512',F06F512,F05F328F206F2ped10,F05F090F206F2ped10,F206,1f,F2,105,103,104,2
'F06F511',F06F511,F05F328F206F2ped10,F05F090F206F2ped10,F206,2f,F2,106,103,104,2
'F06F510',F06F510,F05F328F206F2ped10,F05F090F206F2ped10,F206,3m,F2,107,103,104,1
'F06F509',F06F509,F05F328F206F2ped10,F05F090F206F2ped10,F206,4f,F2,108,103,104,2
'F05F439',F05F439F206F2ped10,0,0,F206,6817(03),aggr,109,0,0,1
'F05F505',F05F505F206F2ped10,0,0,F206,Dorna_03,tame,110,0,0,2
'F03S207',F03S207F206F2ped10,0,0,F206,6555,aggr,111,0,0,1
'F03S134',F03S134F206F2ped10,0,0,F206,Plani,tame,112,0,0,2
'F05F320',F05F320F206F2ped11,F05F594F206F2ped11,F05F511F206F2ped11,F206,Djonrid_05,F1,113,120,121,1
'F05F307',F05F307F206F2ped11,F05F526F206F2ped11,F05F484F206F2ped11,F206,Tuta_05,F1,114,122,123,2
'F06F823',F06F823,F05F320F206F2ped11,F05F307F206F2ped11,F206,1m,F2,115,113,114,1
'F06F824',F06F824,F05F320F206F2ped11,F05F307F206F2ped11,F206,2f,F2,116,113,114,2
'F06F825',F06F825,F05F320F206F2ped11,F05F307F206F2ped11,F206,3m,F2,117,113,114,1
'F06F826',F06F826,F05F320F206F2ped11,F05F307F206F2ped11,F206,4m,F2,118,113,114,1
'F06F827',F06F827,F05F320F206F2ped11,F05F307F206F2ped11,F206,5f,F2,119,113,114,2
'F05F594',F05F594F206F2ped11,0,0,F206,6711(02),aggr,120,0,0,1
'F05F511',F05F511F206F2ped11,0,0,F206,Dezhi_03,tame,121,0,0,2
'F05F526',F05F526F206F2ped11,0,0,F206,Ekim_99,tame,122,0,0,1
'F05F484',F05F484F206F2ped11,0,0,F206,6888(03),aggr,123,0,0,2
'F05F334',F05F334F206F2ped12,F05F436F206F2ped12,F05F539F206F2ped12,F206,Dinat_05,F1,124,129,130,1
'F05F580',F05F580F206F2ped12,F05F587F206F2ped12,F05F592F206F2ped12,F206,Tema_05,F1,125,131,132,2
'F06F542',F06F542,F05F334F206F2ped12,F05F580F206F2ped12,F206,1f,F2,126,124,125,2
'F06F541',F06F541,F05F334F206F2ped12,F05F580F206F2ped12,F206,2m,F2,127,124,125,1
'F06F540',F06F540,F05F334F206F2ped12,F05F580F206F2ped12,F206,3m,F2,128,124,125,1
'F05F436',F05F436F206F2ped12,0,0,F206,6813(03),aggr,129,0,0,1
'F05F539',F05F539F206F2ped12,0,0,F206,Dina_99,tame,130,0,0,2
'F05F587',F05F587F206F2ped12,0,0,F206,Altay_04,tame,131,0,0,1
'F05F592',F05F592F206F2ped12,0,0,F206,6926(04),aggr,132,0,0,2
'F05F314',F05F314F206F2ped13,F05F437F206F2ped13,F05F506F206F2ped13,F206,Levon_05,F1,133,136,137,1
'F05F562',F05F562F206F2ped13,F05F439F206F2ped13,F05F590F206F2ped13,F206,Agana_05,F1,134,138,139,2
'F06F546',F06F546,F05F314F206F2ped13,F05F562F206F2ped13,F206,1f,F2,135,133,134,2
'F05F437',F05F437F206F2ped13,0,0,F206,6819(03),aggr,136,0,0,1
'F05F506',F05F506F206F2ped13,0,0,F206,Lara_03,tame,137,0,0,2
'F05F439',F05F439F206F2ped13,0,0,F206,6817(03),aggr,138,0,0,1
'F05F590',F05F590F206F2ped13,0,0,F206,Aglaida_04,tame,139,0,0,2
'F05F314',F05F314F206F2ped14,F05F437F206F2ped14,F05F506F206F2ped14,F206,Levon_05,F1,140,150,151,1
'F05F319',F05F319F206F2ped14,F05F594F206F2ped14,F05F511F206F2ped14,F206,Delava_05,F1,141,152,153,2
'F06F828',F06F828,F05F314F206F2ped14,F05F319F206F2ped14,F206,1f,F2,142,140,141,2
'F06F829',F06F829,F05F314F206F2ped14,F05F319F206F2ped14,F206,2f,F2,143,140,141,2
'F06F830',F06F830,F05F314F206F2ped14,F05F319F206F2ped14,F206,3m,F2,144,140,141,1
'F06F831',F06F831,F05F314F206F2ped14,F05F319F206F2ped14,F206,4f,F2,145,140,141,2
'F06F832',F06F832,F05F314F206F2ped14,F05F319F206F2ped14,F206,5f,F2,146,140,141,2
'F06F833',F06F833,F05F314F206F2ped14,F05F319F206F2ped14,F206,6m,F2,147,140,141,1
'F06F834',F06F834,F05F314F206F2ped14,F05F319F206F2ped14,F206,7f,F2,148,140,141,2
'F06F835',F06F835,F05F314F206F2ped14,F05F319F206F2ped14,F206,8f,F2,149,140,141,2
'F05F437',F05F437F206F2ped14,0,0,F206,6819(03),aggr,150,0,0,1
'F05F506',F05F506F206F2ped14,0,0,F206,Lara_03,tame,151,0,0,2
'F05F594',F05F594F206F2ped14,0,0,F206,6711(02),aggr,152,0,0,1
'F05F511',F05F511F206F2ped14,0,0,F206,Dezhi_03,tame,153,0,0,2
'F05F317',F05F317F206F2ped15,F05F437F206F2ped15,F05F506F206F2ped15,F206,Lopas_05,F1,154,162,163,1
'F05F326',F05F326F206F2ped15,F05F439F206F2ped15,F05F505F206F2ped15,F206,Drapa_05,F1,155,164,165,2
'F06F495',F06F495,F05F317F206F2ped15,F05F326F206F2ped15,F206,1m,F2,156,154,155,1
'F06F494',F06F494,F05F317F206F2ped15,F05F326F206F2ped15,F206,2f,F2,157,154,155,2
'F06F493',F06F493,F05F317F206F2ped15,F05F326F206F2ped15,F206,3m,F2,158,154,155,1
'F06F492',F06F492,F05F317F206F2ped15,F05F326F206F2ped15,F206,4f,F2,159,154,155,2
'F06F491',F06F491,F05F317F206F2ped15,F05F326F206F2ped15,F206,5f,F2,160,154,155,2
'F06F496',F06F496,F05F317F206F2ped15,F05F326F206F2ped15,F206,6m,F2,161,154,155,1
'F05F437',F05F437F206F2ped15,0,0,F206,6819(03),aggr,162,0,0,1
'F05F506',F05F506F206F2ped15,0,0,F206,Lara_03,tame,163,0,0,2
'F05F439',F05F439F206F2ped15,0,0,F206,6817(03),aggr,164,0,0,1
'F05F505',F05F505F206F2ped15,0,0,F206,Dorna_03,tame,165,0,0,2
'F05F336',F05F336F206F2ped16,F05F439F206F2ped16,F05F500F206F2ped16,F206,Evklit_05,F1,166,173,174,1
'F05F032',F05F032F206F2ped16,F05F442F206F2ped16,F03S098F206F2ped16,F206,Davida_04,F1,167,175,176,2
'F06F529',F06F529,F05F336F206F2ped16,F05F032F206F2ped16,F206,1f,F2,168,166,167,2
'F06F528',F06F528,F05F336F206F2ped16,F05F032F206F2ped16,F206,2f,F2,169,166,167,2
'F06F527',F06F527,F05F336F206F2ped16,F05F032F206F2ped16,F206,3f,F2,170,166,167,2
'F06F526',F06F526,F05F336F206F2ped16,F05F032F206F2ped16,F206,4m,F2,171,166,167,1
'F06F525',F06F525,F05F336F206F2ped16,F05F032F206F2ped16,F206,5f,F2,172,166,167,2
'F05F439',F05F439F206F2ped16,0,0,F206,6817(03),aggr,173,0,0,1
'F05F500',F05F500F206F2ped16,0,0,F206,Ebi_03,tame,174,0,0,2
'F05F442',F05F442F206F2ped16,0,0,F206,6825,aggr,175,0,0,1
'F03S098',F03S098F206F2ped16,0,0,F206,Drel',tame,176,0,0,2
'F05F336',F05F336F206F2ped17,F05F439F206F2ped17,F05F500F206F2ped17,F206,Evklit_05,F1,177,186,187,1
'F05F312',F05F312F206F2ped17,F05F437F206F2ped17,F05F506F206F2ped17,F206,Luidgi_05,F1,178,188,189,2
'F06F841',F06F841,F05F336F206F2ped17,F05F312F206F2ped17,F206,1f,F2,179,177,178,2
'F06F842',F06F842,F05F336F206F2ped17,F05F312F206F2ped17,F206,2m,F2,180,177,178,1
'F06F843',F06F843,F05F336F206F2ped17,F05F312F206F2ped17,F206,3m,F2,181,177,178,1
'F06F844',F06F844,F05F336F206F2ped17,F05F312F206F2ped17,F206,4f,F2,182,177,178,2
'F06F845',F06F845,F05F336F206F2ped17,F05F312F206F2ped17,F206,5f,F2,183,177,178,2
'F06F846',F06F846,F05F336F206F2ped17,F05F312F206F2ped17,F206,6f,F2,184,177,178,2
'F06F847',F06F847,F05F336F206F2ped17,F05F312F206F2ped17,F206,8m,F2,185,177,178,1
'F05F439',F05F439F206F2ped17,0,0,F206,6817(03),aggr,186,0,0,1
'F05F500',F05F500F206F2ped17,0,0,F206,Ebi_03,tame,187,0,0,2
'F05F437',F05F437F206F2ped17,0,0,F206,6819(03),aggr,188,0,0,1
'F05F506',F05F506F206F2ped17,0,0,F206,Lara_03,tame,189,0,0,2
'F05F336',F05F336F206F2ped18,F05F439F206F2ped18,F05F500F206F2ped18,F206,Evklit_05,F1,190,196,197,1
'F05F305',F05F305F206F2ped18,F05F526F206F2ped18,F05F484F206F2ped18,F206,Tikusa_05,F1,191,198,199,2
'F06F523',F06F523,F05F336F206F2ped18,F05F305F206F2ped18,F206,1f,F2,192,190,191,2
'F06F522',F06F522,F05F336F206F2ped18,F05F305F206F2ped18,F206,2f,F2,193,190,191,2
'F06F521',F06F521,F05F336F206F2ped18,F05F305F206F2ped18,F206,3m,F2,194,190,191,1
'F06F520',F06F520,F05F336F206F2ped18,F05F305F206F2ped18,F206,4f,F2,195,190,191,2
'F05F439',F05F439F206F2ped18,0,0,F206,6817(03),aggr,196,0,0,1
'F05F500',F05F500F206F2ped18,0,0,F206,Ebi_03,tame,197,0,0,2
'F05F526',F05F526F206F2ped18,0,0,F206,Ekim_99,tame,198,0,0,1
'F05F484',F05F484F206F2ped18,0,0,F206,6888(03),aggr,199,0,0,2
'F06F460',F06F460F207F2ped19,F05F587F207F2ped19,F05F479F207F2ped19,F207,River_06,F1,201,208,209,1
'F05F567',F05F567F207F2ped19,F05F437F207F2ped19,F05F591F207F2ped19,F207,Ada_05,F1,202,210,211,2
'F07F215',F07F215,F06F460F207F2ped19,F05F567F207F2ped19,F207,1m,F2,203,201,202,1
'F07F216',F07F216,F06F460F207F2ped19,F05F567F207F2ped19,F207,2f,F2,204,201,202,2
'F07F217',F07F217,F06F460F207F2ped19,F05F567F207F2ped19,F207,3f,F2,205,201,202,2
'F07F218',F07F218,F06F460F207F2ped19,F05F567F207F2ped19,F207,4f,F2,206,201,202,2
'F07F219',F07F219,F06F460F207F2ped19,F05F567F207F2ped19,F207,5f,F2,207,201,202,2
'F05F587',F05F587F207F2ped19,0,0,F207,Altay_04,tame,208,0,0,1
'F05F479',F05F479F207F2ped19,0,0,F207,6866(03),aggr,209,0,0,2
'F05F437',F05F437F207F2ped19,0,0,F207,6819(03),aggr,210,0,0,1
'F05F591',F05F591F207F2ped19,0,0,F207,Azha04,tame,211,0,0,2
'F05F563',F05F563F206F2ped2,F05F439F206F2ped2,F05F590F206F2ped2,F206,Aval_05,F1,11,20,21,1
'F05F311',F05F311F206F2ped2,F05F437F206F2ped2,F05F506F206F2ped2,F206,Lita_05,F1,12,22,23,2
'F06F848',F06F848,F05F563F206F2ped2,F05F311F206F2ped2,F206,1f,F2,13,11,12,2
'F06F849',F06F849,F05F563F206F2ped2,F05F311F206F2ped2,F206,2f,F2,14,11,12,2
'F06F850',F06F850,F05F563F206F2ped2,F05F311F206F2ped2,F206,3m,F2,15,11,12,1
'F06F851',F06F851,F05F563F206F2ped2,F05F311F206F2ped2,F206,4f,F2,16,11,12,2
'F06F852',F06F852,F05F563F206F2ped2,F05F311F206F2ped2,F206,5m,F2,17,11,12,1
'F06F853',F06F853,F05F563F206F2ped2,F05F311F206F2ped2,F206,6m,F2,18,11,12,1
'F06F854',F06F854,F05F563F206F2ped2,F05F311F206F2ped2,F206,7f,F2,19,11,12,2
'F05F439',F05F439F206F2ped2,0,0,F206,6817(03),aggr,20,0,0,1
'F05F590',F05F590F206F2ped2,0,0,F206,Aglaida_04,tame,21,0,0,2
'F05F437',F05F437F206F2ped2,0,0,F206,6819(03),aggr,22,0,0,1
'F05F506',F05F506F206F2ped2,0,0,F206,Lara_03,tame,23,0,0,2
'F06F465',F06F465F207F2ped20,F04F014F207F2ped20,F03F340F207F2ped20,F207,Pele_06,F1,212,217,218,1
'F05F562',F05F562F207F2ped20,F05F439F207F2ped20,F05F590F207F2ped20,F207,Agana_05,F1,213,219,220,2
'F07F285',F07F285,F06F465F207F2ped20,F05F562F207F2ped20,F207,1f,F2,214,212,213,2
'F07F284',F07F284,F06F465F207F2ped20,F05F562F207F2ped20,F207,2m,F2,215,212,213,1
'F07F283',F07F283,F06F465F207F2ped20,F05F562F207F2ped20,F207,3f,F2,216,212,213,2
'F04F014',F04F014F207F2ped20,0,0,F207,6913(04),aggr,217,0,0,1
'F03F340',F03F340F207F2ped20,0,0,F207,Pritti_03,tame,218,0,0,2
'F05F439',F05F439F207F2ped20,0,0,F207,6817(03),aggr,219,0,0,1
'F05F590',F05F590F207F2ped20,0,0,F207,Aglaida_04,tame,220,0,0,2
'F06F881',F06F881F207F2ped21,F03F111F207F2ped21,F05F512F207F2ped21,F207,Azhurit_06,F1,221,228,229,1
'F05F034',F05F034F207F2ped21,0F207F2ped21,F03S130F207F2ped21,F207,Agapa_04,F1,222,230,231,2
'F07F208',F07F208,F06F881F207F2ped21,F05F034F207F2ped21,F207,1f,F2,223,221,222,2
'F07F209',F07F209,F06F881F207F2ped21,F05F034F207F2ped21,F207,2m,F2,224,221,222,1
'F07F210',F07F210,F06F881F207F2ped21,F05F034F207F2ped21,F207,3f,F2,225,221,222,2
'F07F211',F07F211,F06F881F207F2ped21,F05F034F207F2ped21,F207,4m,F2,226,221,222,1
'F07F212',F07F212,F06F881F207F2ped21,F05F034F207F2ped21,F207,5m,F2,227,221,222,1
'F03F111',F03F111F207F2ped21,0,0,F207,6807(03),aggr,228,0,0,1
'F05F512',F05F512F207F2ped21,0,0,F207,Amanda_03,tame,229,0,0,2
'0F207F2',0F207F2ped21,0,0,F207,(F03S204)6609,aggr,230,0,0,1
'F03S130',F03S130F207F2ped21,0,0,F207,Avantyura,tame,231,0,0,2
'F05F336',F05F336F207F2ped22,F05F439F207F2ped22,F05F500F207F2ped22,F207,Evklit_05,F1,232,238,239,1
'F07F460',F07F460F207F2ped22,F05F437F207F2ped22,F05F590F207F2ped22,F207,Almadi_06,F1,233,240,241,2
'0',0,F05F336F207F2ped22,F07F460F207F2ped22,F207,(F07F197)1f,F2,234,232,233,2
'F07F198',F07F198,F05F336F207F2ped22,F07F460F207F2ped22,F207,2f,F2,235,232,233,2
'F07F199',F07F199,F05F336F207F2ped22,F07F460F207F2ped22,F207,3f,F2,236,232,233,2
'F07F200',F07F200,F05F336F207F2ped22,F07F460F207F2ped22,F207,4m,F2,237,232,233,1
'F05F439',F05F439F207F2ped22,0,0,F207,6817(03),aggr,238,0,0,1
'F05F500',F05F500F207F2ped22,0,0,F207,Ebi_03,tame,239,0,0,2
'F05F437',F05F437F207F2ped22,0,0,F207,6819(03),aggr,240,0,0,1
'F05F590',F05F590F207F2ped22,0,0,F207,Aglaida_04,tame,241,0,0,2
'F06F883',F06F883F207F2ped23,F03F111F207F2ped23,F05F512F207F2ped23,F207,Agdam_06,F1,242,252,253,1
'F05F565',F05F565F207F2ped23,F05F437F207F2ped23,F05F591F207,F207,Angela_05,F1,243,254,255,2
'F07F244',F07F244,F06F883F207F2ped23,F05F565F207F2ped23,F207,1m,F2,244,242,243,1
'F07F243',F07F243,F06F883F207F2ped23,F05F565F207F2ped23,F207,2f,F2,245,242,243,2
'F07F242',F07F242,F06F883F207F2ped23,F05F565F207F2ped23,F207,3f,F2,246,242,243,2
'F07F241',F07F241,F06F883F207F2ped23,F05F565F207F2ped23,F207,4f,F2,247,242,243,2
'F07F240',F07F240,F06F883F207F2ped23,F05F565F207F2ped23,F207,5m,F2,248,242,243,1
'F07F239',F07F239,F06F883F207F2ped23,F05F565F207F2ped23,F207,6f,F2,249,242,243,2
'F07F238',F07F238,F06F883F207F2ped23,F05F565F207F2ped23,F207,7f,F2,250,242,243,2
'F07F237',F07F237,F06F883F207F2ped23,F05F565F207F2ped23,F207,8f,F2,251,242,243,2
'F03F111',F03F111F207F2ped23,0,0,F207,6807(03),aggr,252,0,0,1
'F05F512',F05F512F207F2ped23,0,0,F207,Amanda_03,tame,253,0,0,2
'F05F437',F05F437F207F2ped23,0,0,F207,6819(03),aggr,254,0,0,1
'F05F591',F05F591F207,0,0,F207,Azha04,tame,255,0,0,2
'F06F465',F06F465F207F2ped24,F04F014F207F2ped24,F03F340F207F2ped24,F207,Pele_06,F1,256,265,266,1
'F07F457',F07F457F207F2ped24,F03F169F207F2ped24,F05F591F207F2ped24,F207,Anhel_06,F1,257,267,268,2
'F07F251',F07F251,F06F465F207F2ped24,F07F457F207F2ped24,F207,1f,F2,258,256,257,2
'F07F250',F07F250,F06F465F207F2ped24,F07F457F207F2ped24,F207,2m,F2,259,256,257,1
'F07F249',F07F249,F06F465F207F2ped24,F07F457F207F2ped24,F207,3m,F2,260,256,257,1
'F07F248',F07F248,F06F465F207F2ped24,F07F457F207F2ped24,F207,4f,F2,261,256,257,2
'F07F247',F07F247,F06F465F207F2ped24,F07F457F207F2ped24,F207,5m,F2,262,256,257,1
'F07F246',F07F246,F06F465F207F2ped24,F07F457F207F2ped24,F207,6f,F2,263,256,257,2
'F07F245',F07F245,F06F465F207F2ped24,F07F457F207F2ped24,F207,7m,F2,264,256,257,1
'F04F014',F04F014F207F2ped24,0,0,F207,6913(04),aggr,265,0,0,1
'F03F340',F03F340F207F2ped24,0,0,F207,Pritti_03,tame,266,0,0,2
'F03F169',F03F169F207F2ped24,0,0,F207,6811(03),aggr,267,0,0,1
'F05F591',F05F591F207F2ped24,0,0,F207,Azha04,tame,268,0,0,2
'F06F456',F06F456F207F2ped25,F03F352F207F2ped25,F04F047F207F2ped25,F207,Rif_06,F1,269,277,278,1
'F06F880',F06F880F207F2ped25,F03F111F207F2ped25,F05F512F207F2ped25,F207,Arkaya_06,F1,270,279,280,2
'F07F265',F07F265,F06F456F207F2ped25,F06F880F207F2ped25,F207,1m,F2,271,269,270,1
'F07F264',F07F264,F06F456F207F2ped25,F06F880F207F2ped25,F207,2m,F2,272,269,270,1
'F07F263',F07F263,F06F456F207F2ped25,F06F880F207F2ped25,F207,3f,F2,273,269,270,2
'F07F262',F07F262,F06F456F207F2ped25,F06F880F207F2ped25,F207,4m,F2,274,269,270,1
'F07F261',F07F261,F06F456F207F2ped25,F06F880F207F2ped25,F207,5m,F2,275,269,270,1
'F07F260',F07F260,F06F456F207F2ped25,F06F880F207F2ped25,F207,6f,F2,276,269,270,2
'F03F352',F03F352F207F2ped25,0,0,F207,Aslan_03,tame,277,0,0,1
'F04F047',F04F047F207F2ped25,0,0,F207,6942(04),aggr,278,0,0,2
'F03F111',F03F111F207F2ped25,0,0,F207,6807(03),aggr,279,0,0,1
'F05F512',F05F512F207F2ped25,0,0,F207,Amanda_03,tame,280,0,0,2
'F05F560',F05F560F207F2ped26,F05F439F207F2ped26,F05F590F207F2ped26,F207,Agnat_05,F1,281,284,285,1
'F05F032',F05F032F207F2ped26,F05F442F207F2ped26,F03S098F207F2ped26,F207,Davida_04,F1,282,286,287,2
'F07F148',F07F148,F05F560F207F2ped26,F05F032F207F2ped26,F207,1m,F2,283,281,282,1
'F05F439',F05F439F207F2ped26,0,0,F207,6817(03),aggr,284,0,0,1
'F05F590',F05F590F207F2ped26,0,0,F207,Aglaida_04,tame,285,0,0,2
'F05F442',F05F442F207F2ped26,0,0,F207,6825,aggr,286,0,0,1
'F03S098',F03S098F207F2ped26,0,0,F207,Drel,tame,287,0,0,2
'F05F329',F05F329F207F2ped26.5,F05F439F207F2ped26.5,F05F505F207F2ped26.5,F207,Daedalus_05,F1,288,293,294,1
'F05F332',F05F332F207F2ped26.5,F05F436F207F2ped26.5,F05F539F207F2ped26.5,F207,Dgamilya_05,F1,289,295,296,2
'F07F182',F07F182,F05F329F207F2ped26.5,F05F332F207F2ped26.5,F207,1f,F2,290,288,289,2
'F07F183',F07F183,F05F329F207F2ped26.5,F05F332F207F2ped26.5,F207,2f,F2,291,288,289,2
'F07F184',F07F184,F05F329F207F2ped26.5,F05F332F207F2ped26.5,F207,3f,F2,292,288,289,2
'F05F439',F05F439F207F2ped26.5,0,0,F207,6817(03),aggr,293,0,0,1
'F05F505',F05F505F207F2ped26.5,0,0,F207,Dorna_03,tame,294,0,0,2
'F05F436',F05F436F207F2ped26.5,0,0,F207,6813(03),aggr,295,0,0,1
'F05F539',F05F539F207F2ped26.5,0,0,F207,Dina_99,tame,296,0,0,2
'F06F465',F06F465F207F2ped27,F04F014F207F2ped27,F03F340F207F2ped27,F207,Pele_06,F1,297,306,307,1
'F06F472',F06F472F207F2ped27,F05F439F207F2ped27,F05F511F207F2ped27,F207,Djuna_06,F1,298,308,309,2
'F07F185',F07F185,F06F465F207F2ped27,F06F472F207F2ped27,F207,1f,F2,299,297,298,2
'F07F186',F07F186,F06F465F207F2ped27,F06F472F207F2ped27,F207,2m,F2,300,297,298,1
'F07F187',F07F187,F06F465F207F2ped27,F06F472F207F2ped27,F207,3m,F2,301,297,298,1
'F07F188',F07F188,F06F465F207F2ped27,F06F472F207F2ped27,F207,4f,F2,302,297,298,2
'F07F189',F07F189,F06F465F207F2ped27,F06F472F207F2ped27,F207,5f,F2,303,297,298,2
'F07F190',F07F190,F06F465F207F2ped27,F06F472F207F2ped27,F207,6m,F2,304,297,298,1
'F07F191',F07F191,F06F465F207F2ped27,F06F472F207F2ped27,F207,7f,F2,305,297,298,2
'F04F014',F04F014F207F2ped27,0,0,F207,6913(04),aggr,306,0,0,1
'F03F340',F03F340F207F2ped27,0,0,F207,Pritti_03,tame,307,0,0,2
'F05F439',F05F439F207F2ped27,0,0,F207,6817(03),aggr,308,0,0,1
'F05F511',F05F511F207F2ped27,0,0,F207,Dezhi_03,tame,309,0,0,2
'F05F334',F05F334F207F2ped28,F05F436F207F2ped28,F05F539F207F2ped28,F207,Dinat_05,F1,310,316,317,1
'F05F325',F05F325F207F2ped28,F05F439F207F2ped28,F05F505F207F2ped28,F207,Dota_05,F1,311,318,319,2
'F07F300',F07F300,F05F334F207F2ped28,F05F325F207F2ped28,F207,1m,F2,312,310,311,1
'F07F299',F07F299,F05F334F207F2ped28,F05F325F207F2ped28,F207,2f,F2,313,310,311,2
'F07F298',F07F298,F05F334F207F2ped28,F05F325F207F2ped28,F207,3m,F2,314,310,311,1
'F07F297',F07F297,F05F334F207F2ped28,F05F325F207F2ped28,F207,4m,F2,315,310,311,1
'F05F436',F05F436F207F2ped28,0,0,F207,6813(03),aggr,316,0,0,1
'F05F539',F05F539F207F2ped28,0,0,F207,Dina_99,tame,317,0,0,2
'F05F439',F05F439F207F2ped28,0,0,F207,6817(03),aggr,318,0,0,1
'F05F505',F05F505F207F2ped28,0,0,F207,Dorna_03,tame,319,0,0,2
'F05F320',F05F320F207F2ped29,F05F594F207F2ped29,F05F511F207F2ped29,F207,Djonrid_05,F1,320,329,330,1
'F05F326',F05F326F207F2ped29,F05F439F207F2ped29,F05F505F207F2ped29,F207,Drapa_05,F1,321,331,332,2
'F07F307',F07F307,F05F320F207F2ped29,F05F326F207F2ped29,F207,1m,F2,322,320,321,1
'F07F306',F07F306,F05F320F207F2ped29,F05F326F207F2ped29,F207,2f,F2,323,320,321,2
'F07F305',F07F305,F05F320F207F2ped29,F05F326F207F2ped29,F207,3m,F2,324,320,321,1
'F07F304',F07F304,F05F320F207F2ped29,F05F326F207F2ped29,F207,4m,F2,325,320,321,1
'F07F303',F07F303,F05F320F207F2ped29,F05F326F207F2ped29,F207,5f,F2,326,320,321,2
'F07F302',F07F302,F05F320F207F2ped29,F05F326F207F2ped29,F207,6m,F2,327,320,321,1
'F07F301',F07F301,F05F320F207F2ped29,F05F326F207F2ped29,F207,7m,F2,328,320,321,1
'F05F594',F05F594F207F2ped29,0,0,F207,6711(02),aggr,329,0,0,1
'F05F511',F05F511F207F2ped29,0,0,F207,Dezhi_03,tame,330,0,0,2
'F05F439',F05F439F207F2ped29,0,0,F207,6817(03),aggr,331,0,0,1
'F05F505',F05F505F207F2ped29,0,0,F207,Dorna_03,tame,332,0,0,2
'F05F564',F05F564F206F2ped3,F05F439F206F2ped3,F05F590F206F2ped3,F206,Avsey_05,F1,24,32,33,1
'F05F566',F05F566F206F2ped3,F05F437F206F2ped3,F05F591F206F2ped3,F206,Agita_05,F1,25,34,35,2
'F06F817',F06F817,F05F564F206F2ped3,F05F566F206F2ped3,F206,1m,F2,26,24,25,1
'F06F818',F06F818,F05F564F206F2ped3,F05F566F206F2ped3,F206,2f,F2,27,24,25,2
'F06F819',F06F819,F05F564F206F2ped3,F05F566F206F2ped3,F206,3m,F2,28,24,25,1
'F06F820',F06F820,F05F564F206F2ped3,F05F566F206F2ped3,F206,4f,F2,29,24,25,2
'F06F821',F06F821,F05F564F206F2ped3,F05F566F206F2ped3,F206,5f,F2,30,24,25,2
'F06F822',F06F822,F05F564F206F2ped3,F05F566F206F2ped3,F206,6m,F2,31,24,25,1
'F05F439',F05F439F206F2ped3,0,0,F206,6817(03),aggr,32,0,0,1
'F05F590',F05F590F206F2ped3,0,0,F206,Aglaida_04,tame,33,0,0,2
'F05F437',F05F437F206F2ped3,0,0,F206,6819(03),aggr,34,0,0,1
'F05F591',F05F591F206F2ped3,0,0,F206,Azha_04,tame,35,0,0,2
'F05F316',F05F316F207F2ped30,F05F437F207F2ped30,F05F506F207F2ped30,F207,Lukas_05,F1,333,343,344,1
'F06F483',F06F483F207F2ped30,F04F056F207F2ped30,F04F645F207,F207,Elba_06,F1,334,345,346,2
'F07F259',F07F259,F05F316F207F2ped30,F06F483F207F2ped30,F207,1f,F2,335,333,334,2
'F07F258',F07F258,F05F316F207F2ped30,F06F483F207F2ped30,F207,2f,F2,336,333,334,2
'F07F257',F07F257,F05F316F207F2ped30,F06F483F207F2ped30,F207,3f,F2,337,333,334,2
'F07F256',F07F256,F05F316F207F2ped30,F06F483F207F2ped30,F207,4f,F2,338,333,334,2
'F07F255',F07F255,F05F316F207F2ped30,F06F483F207F2ped30,F207,5m,F2,339,333,334,1
'F07F254',F07F254,F05F316F207F2ped30,F06F483F207F2ped30,F207,6f,F2,340,333,334,2
'F07F253',F07F253,F05F316F207F2ped30,F06F483F207F2ped30,F207,7f,F2,341,333,334,2
'F07F252',F07F252,F05F316F207F2ped30,F06F483F207F2ped30,F207,8f,F2,342,333,334,2
'F05F437',F05F437F207F2ped30,0,0,F207,6819(03),aggr,343,0,0,1
'F05F506',F05F506F207F2ped30,0,0,F207,Lara03,tame,344,0,0,2
'F04F056',F04F056F207F2ped30,0,0,F207,6903(04),aggr,345,0,0,1
'F04F645',F04F645F207,0,0,F207,Eola_04,tame,346,0,0,2
'F06F469',F06F469F207F2ped31,F05F439F207F2ped31,F05F511F207F2ped31,F207,Dulut_06,F1,347,354,355,1
'F06F485',F06F485F207F2ped31,F04F056F207F2ped31,F04F645F207F2ped31,F207,Emira_06,F1,348,356,357,2
'F07F143',F07F143,F06F469F207F2ped31,F06F485F207F2ped31,F207,1m,F2,349,347,348,1
'F07F144',F07F144,F06F469F207F2ped31,F06F485F207F2ped31,F207,2m,F2,350,347,348,1
'F07F145',F07F145,F06F469F207F2ped31,F06F485F207F2ped31,F207,3f,F2,351,347,348,2
'F07F146',F07F146,F06F469F207F2ped31,F06F485F207F2ped31,F207,4m,F2,352,347,348,1
'F07F147',F07F147,F06F469F207F2ped31,F06F485F207F2ped31,F207,5m,F2,353,347,348,1
'F05F439',F05F439F207F2ped31,0,0,F207,6817(03),aggr,354,0,0,1
'F05F511',F05F511F207F2ped31,0,0,F207,Dezhi_03,tame,355,0,0,2
'F04F056',F04F056F207F2ped31,0,0,F207,6903(04),aggr,356,0,0,1
'F04F645',F04F645F207F2ped31,0,0,F207,Eola_04,tame,357,0,0,2
'F06F478',F06F478F207F2ped32,F03F169F207F2ped32,F04F656F207F2ped32,F207,Schtok_06,F1,358,367,368,1
'F06F489',F06F489F207F2ped32,F04F056F207F2ped32,F04F645F207F2ped32,F207,Epoha_06,F1,359,369,370,2
'F07F296',F07F296,F06F478F207F2ped32,F06F489F207F2ped32,F207,1f,F2,360,358,359,2
'F07F295',F07F295,F06F478F207F2ped32,F06F489F207F2ped32,F207,2m,F2,361,358,359,1
'F07F294',F07F294,F06F478F207F2ped32,F06F489F207F2ped32,F207,3m,F2,362,358,359,1
'F07F293',F07F293,F06F478F207F2ped32,F06F489F207F2ped32,F207,4m,F2,363,358,359,1
'F07F292',F07F292,F06F478F207F2ped32,F06F489F207F2ped32,F207,5m,F2,364,358,359,1
'F07F291',F07F291,F06F478F207F2ped32,F06F489F207F2ped32,F207,6f,F2,365,358,359,2
'F07F290',F07F290,F06F478F207F2ped32,F06F489F207F2ped32,F207,8f,F2,366,358,359,2
'F03F169',F03F169F207F2ped32,0,0,F207,6811(03),aggr,367,0,0,1
'F04F656',F04F656F207F2ped32,0,0,F207,Schuya_04,tame,368,0,0,2
'F04F056',F04F056F207F2ped32,0,0,F207,6903(04),aggr,369,0,0,1
'F04F645',F04F645F207F2ped32,0,0,F207,Eola_04,tame,370,0,0,2
'F06F478',F06F478F207F2ped33,F03F169F207F2ped33,F04F656F207F2ped33,F207,Schtok_06,F1,371,380,381,1
'F06F487',F06F487F207F2ped33,F04F056F207F2ped33,F04F645F207F2ped33,F207,Eri_06,F1,372,382,383,2
'F07F282',F07F282,F06F478F207F2ped33,F06F487F207F2ped33,F207,1m,F2,373,371,372,1
'F07F281',F07F281,F06F478F207F2ped33,F06F487F207F2ped33,F207,2f,F2,374,371,372,2
'F07F280',F07F280,F06F478F207F2ped33,F06F487F207F2ped33,F207,3m,F2,375,371,372,1
'F07F279',F07F279,F06F478F207F2ped33,F06F487F207F2ped33,F207,4f,F2,376,371,372,2
'F07F278',F07F278,F06F478F207F2ped33,F06F487F207F2ped33,F207,5f,F2,377,371,372,2
'F07F277',F07F277,F06F478F207F2ped33,F06F487F207F2ped33,F207,6f,F2,378,371,372,2
'F07F276',F07F276,F06F478F207F2ped33,F06F487F207F2ped33,F207,7m,F2,379,371,372,1
'F03F169',F03F169F207F2ped33,0,0,F207,6811(03),aggr,380,0,0,1
'F04F656',F04F656F207F2ped33,0,0,F207,Schuya_04,tame,381,0,0,2
'F04F056',F04F056F207F2ped33,0,0,F207,6903(04),aggr,382,0,0,1
'F04F645',F04F645F207F2ped33,0,0,F207,Eola_04,tame,383,0,0,2
'F05F320',F05F320F207F2ped34,F05F594F207F2ped34,F05F511F207F2ped34,F207,Djonrid_05,F1,384,391,392,1
'F05F335',F05F335F207F2ped34,F05F439F207F2ped34,F05F500F207F2ped34,F207,Evridika_05,F1,385,393,394,2
'F07F138',F07F138,F05F320F207F2ped34,F05F335F207F2ped34,F207,1f,F2,386,384,385,2
'F07F139',F07F139,F05F320F207F2ped34,F05F335F207F2ped34,F207,2f,F2,387,384,385,2
'F07F140',F07F140,F05F320F207F2ped34,F05F335F207F2ped34,F207,3m,F2,388,384,385,1
'F07F141',F07F141,F05F320F207F2ped34,F05F335F207F2ped34,F207,4m,F2,389,384,385,1
'F07F142',F07F142,F05F320F207F2ped34,F05F335F207F2ped34,F207,5f,F2,390,384,385,2
'F05F594',F05F594F207F2ped34,0,0,F207,6711(02),aggr,391,0,0,1
'F05F511',F05F511F207F2ped34,0,0,F207,Dezhi_03,tame,392,0,0,2
'F05F439',F05F439F207F2ped34,0,0,F207,6817(03),aggr,393,0,0,1
'F05F500',F05F500F207F2ped34,0,0,F207,Ebi_03,tame,394,0,0,2
'F06F486',F06F486F207F2ped35,F04F056F207F2ped35,F04F645F207F2ped35,F207,Eon_06,F1,395,403,404,1
'F05F312',F05F312F207F2ped35,F05F437F207F2ped35,F05F506F207F2ped35,F207,Luidgi_05,F1,396,405,406,2
'F07F159',F07F159,F06F486F207F2ped35,F05F312F207F2ped35,F207,1m,F2,397,395,396,1
'F07F160',F07F160,F06F486F207F2ped35,F05F312F207F2ped35,F207,2f,F2,398,395,396,2
'F07F161',F07F161,F06F486F207F2ped35,F05F312F207F2ped35,F207,3m,F2,399,395,396,1
'F07F162',F07F162,F06F486F207F2ped35,F05F312F207F2ped35,F207,4f,F2,400,395,396,2
'F07F163',F07F163,F06F486F207F2ped35,F05F312F207F2ped35,F207,5m,F2,401,395,396,1
'F07F164',F07F164,F06F486F207F2ped35,F05F312F207F2ped35,F207,6m,F2,402,395,396,1
'F04F056',F04F056F207F2ped35,0,0,F207,6903(04),aggr,403,0,0,1
'F04F645',F04F645F207F2ped35,0,0,F207,Eola_04,tame,404,0,0,2
'F05F437',F05F437F207F2ped35,0,0,F207,6819(03),aggr,405,0,0,1
'F05F506',F05F506F207F2ped35,0,0,F207,Lara_03,tame,406,0,0,2
'F05F328',F05F328F207F2ped36,F05F439F207F2ped36,F05F505F207F2ped36,F207,Dastin_05,F1,407,413,414,1
'F05F090',F05F090F207F2ped36,F03S207F207F2ped36,F03S134F207F2ped36,F207,Pavlina_04,F1,408,415,416,2
'F07F289',F07F289,F05F328F207F2ped36,F05F090F207F2ped36,F207,1m,F2,409,407,408,1
'F07F288',F07F288,F05F328F207F2ped36,F05F090F207F2ped36,F207,2m,F2,410,407,408,1
'F07F287',F07F287,F05F328F207F2ped36,F05F090F207F2ped36,F207,3m,F2,411,407,408,1
'F07F286',F07F286,F05F328F207F2ped36,F05F090F207F2ped36,F207,4f,F2,412,407,408,2
'F05F439',F05F439F207F2ped36,0,0,F207,6817(03),aggr,413,0,0,1
'F05F505',F05F505F207F2ped36,0,0,F207,Dorna_03,tame,414,0,0,2
'F03S207',F03S207F207F2ped36,0,0,F207,6555,aggr,415,0,0,1
'F03S134',F03S134F207F2ped36,0,0,F207,Plani,tame,416,0,0,2
'F06F479',F06F479F207F2ped37,F03F169F207F2ped37,F04F656F207F2ped37,F207,Schelf_06,F1,417,424,425,1
'ped37dam',ped37damF207F2ped37,F04F014F207F2ped37,F03F340F207F2ped37,F207,(F06F458)Publika_06,F1,418,426,427,2
'F07F192',F07F192,F06F479F207F2ped37,ped37damF207F2ped37,F207,1f,F2,419,417,418,2
'F07F193',F07F193,F06F479F207F2ped37,ped37damF207F2ped37,F207,2m,F2,420,417,418,1
'F07F194',F07F194,F06F479F207F2ped37,ped37damF207F2ped37,F207,3f,F2,421,417,418,2
'F07F195',F07F195,F06F479F207F2ped37,ped37damF207F2ped37,F207,4m,F2,422,417,418,1
'F07F196',F07F196,F06F479F207F2ped37,ped37damF207F2ped37,F207,5f,F2,423,417,418,2
'F03F169',F03F169F207F2ped37,0,0,F207,6811(03),aggr,424,0,0,1
'F04F656',F04F656F207F2ped37,0,0,F207,Schuya_04,tame,425,0,0,2
'F04F014',F04F014F207F2ped37,0,0,F207,(F05F587)Altay_04,?????tame,426,0,0,1
'F03F340',F03F340F207F2ped37,0,0,F207,(F05F479)6866(03),?????aggr,427,0,0,2
'F06F469',F06F469F207F2ped38,F05F439F207F2ped38,F05F511F207F2ped38,F207,Dulut_06,F1,428,434,435,1
'F06F875',F06F875F207F2ped38,F03F355F207F2ped38,F04F137F207F2ped38,F207,Rabinya_06,F1,429,436,437,2
'F07F168',F07F168,F06F469F207F2ped38,F06F875F207F2ped38,F207,1f,F2,430,428,429,2
'F07F169',F07F169,F06F469F207F2ped38,F06F875F207F2ped38,F207,2f,F2,431,428,429,2
'F07F170',F07F170,F06F469F207F2ped38,F06F875F207F2ped38,F207,3m,F2,432,428,429,1
'F07F171',F07F171,F06F469F207F2ped38,F06F875F207F2ped38,F207,4m,F2,433,428,429,1
'F05F439',F05F439F207F2ped38,0,0,F207,6817(03),aggr,434,0,0,1
'F05F511',F05F511F207F2ped38,0,0,F207,Dezhi_03,tame,435,0,0,2
'F03F355',F03F355F207F2ped38,0,0,F207,Pinkerton_03,tame,436,0,0,1
'F04F137',F04F137F207F2ped38,0,0,F207,6970(04),aggr,437,0,0,2
'F05F558',F05F558F207F2ped39,F207F2ped39,F207F2ped39,F207,Asirius_05,F1,438,445,446,1
'F06F455',F06F455F207F2ped39,F03F352F207F2ped39,F04F047F207F2ped39,F207,Reya_06,F1,439,447,448,2
'F07F149',F07F149,F05F558F207F2ped39,F06F455F207F2ped39,F207,1m,F2,440,438,439,1
'F07F150',F07F150,F05F558F207F2ped39,F06F455F207F2ped39,F207,2m,F2,441,438,439,1
'F07F151',F07F151,F05F558F207F2ped39,F06F455F207F2ped39,F207,3f,F2,442,438,439,2
'F07F152',F07F152,F05F558F207F2ped39,F06F455F207F2ped39,F207,4f,F2,443,438,439,2
'F07F153',F07F153,F05F558F207F2ped39,F06F455F207F2ped39,F207,5m,F2,444,438,439,1
'00F206F',0,0,0,F207,0,0,445,0,0,1
'000F206',F207F2ped39,0,0,F207,0,0,446,0,0,2
'F03F352',F03F352F207F2ped39,0,0,F207,Aslan_03,tame,447,0,0,1
'F04F047',F04F047F207F2ped39,0,0,F207,6942(04),aggr,448,0,0,2
'F05F564',F05F564F206F2ped4,F05F439F206F2ped4,F05F590F206F2ped4,F206,Avsey_05,F1,36,39,40,1
'F05F579',F05F579F206F2ped4,F05F587F206F2ped4,F05F592F206F2ped4,F206,Teya_05,F1,37,41,42,2
'F06F547',F06F547,F05F564F206F2ped4,F05F579F206F2ped4,F206,1f,F2,38,36,37,2
'F05F439',F05F439F206F2ped4,0,0,F206,6817(03),aggr,39,0,0,1
'F05F590',F05F590F206F2ped4,0,0,F206,Aglaida_04,tame,40,0,0,2
'F05F587',F05F587F206F2ped4,0,0,F206,Altay_04,tame,41,0,0,1
'F05F592',F05F592F206F2ped4,0,0,F206,6926(04),aggr,42,0,0,2
'F06F451',F06F451F207F2ped40,F03F352F207F2ped40,F04F047F207F2ped40,F207,Red_06,F1,449,452,453,1
'F06F874',F06F874F207F2ped40,F03F355F207F2ped40,F04F137F207F2ped40,F207,Rifma_06,F1,450,454,455,2
'F07F204',F07F204,F06F451F207F2ped40,F06F874F207F2ped40,F207,1f,F2,451,449,450,2
'F03F352',F03F352F207F2ped40,0,0,F207,Aslan_03,tame,452,0,0,1
'F04F047',F04F047F207F2ped40,0,0,F207,6942(04),aggr,453,0,0,2
'F03F355',F03F355F207F2ped40,0,0,F207,Pinkerton_03,tame,454,0,0,1
'F04F137',F04F137F207F2ped40,0,0,F207,6970(04),aggr,455,0,0,2
'F05F309',F05F309F207F2ped41,F05F532F207F2ped41,F05F484F207F2ped41,F207,Timur_05,F1,456,461,462,1
'F06F876',F06F876F207F2ped41,F03F355F207F2ped41,F04F137F207F2ped41,F207,Riga_06,F1,457,463,464,2
'F07F205',F07F205,F05F309F207F2ped41,F06F876F207F2ped41,F207,1m,F2,458,456,457,1
'F07F206',F07F206,F05F309F207F2ped41,F06F876F207F2ped41,F207,2f,F2,459,456,457,2
'F07F207',F07F207,F05F309F207F2ped41,F06F876F207F2ped41,F207,3f,F2,460,456,457,2
'F05F532',F05F532F207F2ped41,0,0,F207,Baron_03,tame,461,0,0,1
'F05F484',F05F484F207F2ped41,0,0,F207,6888(03),aggr,462,0,0,2
'F03F355',F03F355F207F2ped41,0,0,F207,Pinkerton_03,tame,463,0,0,1
'F04F137',F04F137F207F2ped41,0,0,F207,6970(04),aggr,464,0,0,2
'F05F334',F05F334F207F2ped42,F05F436F207F2ped42,F05F539F207F2ped42,F207,Dinat_05,F1,465,470,471,1
'F06F452',F06F452F207F2ped42,F03F352F207F2ped42,F04F047F207F2ped42,F207,Roka_06,F1,466,472,473,2
'F07F165',F07F165,F05F334F207F2ped42,F06F452F207F2ped42,F207,1m,F2,467,465,466,1
'F07F166',F07F166,F05F334F207F2ped42,F06F452F207F2ped42,F207,2m,F2,468,465,466,1
'F07F167',F07F167,F05F334F207F2ped42,F06F452F207F2ped42,F207,3f,F2,469,465,466,2
'F05F436',F05F436F207F2ped42,0,0,F207,6813(03),aggr,470,0,0,1
'F05F539',F05F539F207F2ped42,0,0,F207,Dina_99,tame,471,0,0,2
'F03F352',F03F352F207F2ped42,0,0,F207,Aslan_03,tame,472,0,0,1
'F04F047',F04F047F207F2ped42,0,0,F207,6942(04),aggr,473,0,0,2
'F05F334',F05F334F207F2ped43,F05F436F207F2ped43,F05F539F207F2ped43,F207,Dinat_05,F1,474,484,485,1
'F06F458',F06F458F207F2ped43,F05F587F207F2ped43,0,F207,Rubrika_06,F1,475,486,487,2
'F07F227',F07F227,F05F334F207F2ped43,F06F458F207F2ped43,F207,1f,F2,476,474,475,2
'F07F226',F07F226,F05F334F207F2ped43,F06F458F207F2ped43,F207,2f,F2,477,474,475,2
'F07F225',F07F225,F05F334F207F2ped43,F06F458F207F2ped43,F207,3m,F2,478,474,475,1
'F07F224',F07F224,F05F334F207F2ped43,F06F458F207F2ped43,F207,4m,F2,479,474,475,1
'F07F223',F07F223,F05F334F207F2ped43,F06F458F207F2ped43,F207,5m,F2,480,474,475,1
'F07F222',F07F222,F05F334F207F2ped43,F06F458F207F2ped43,F207,6m,F2,481,474,475,1
'F07F221',F07F221,F05F334F207F2ped43,F06F458F207F2ped43,F207,7m,F2,482,474,475,1
'F07F220',F07F220,F05F334F207F2ped43,F06F458F207F2ped43,F207,8f,F2,483,474,475,2
'F05F436',F05F436F207F2ped43,0,0,F207,6813(03),aggr,484,0,0,1
'F05F539',F05F539F207F2ped43,0,0,F207,Dina_99,tame,485,0,0,2
'F05F587',F05F587F207F2ped43,0,0,F207,Altay_04,tame,486,0,0,1
'F05F479',F05F479F207F2ped43,0,0,F207,6866(03),aggr,487,0,0,2
'F06F479',F06F479F207F2ped44,F03F169F207F2ped44,F04F656F207F2ped44,F207,Schelf_06,F1,488,497,498,1
'F05F299',F05F299F207F2ped44,F05F588F207F2ped44,F08F288F207F2ped44,F207,Taina_05,F1,489,499,500,2
'F07F275',F07F275,F06F479F207F2ped44,F05F299F207F2ped44,F207,1f,F2,490,488,489,2
'F07F274',F07F274,F06F479F207F2ped44,F05F299F207F2ped44,F207,2f,F2,491,488,489,2
'F07F273',F07F273,F06F479F207F2ped44,F05F299F207F2ped44,F207,3m,F2,492,488,489,1
'F07F272',F07F272,F06F479F207F2ped44,F05F299F207F2ped44,F207,4m,F2,493,488,489,1
'F07F271',F07F271,F06F479F207F2ped44,F05F299F207F2ped44,F207,5m,F2,494,488,489,1
'F07F270',F07F270,F06F479F207F2ped44,F05F299F207F2ped44,F207,6f,F2,495,488,489,2
'F07F269',F07F269,F06F479F207F2ped44,F05F299F207F2ped44,F207,7m,F2,496,488,489,1
'F03F169',F03F169F207F2ped44,0,0,F207,6811(03),aggr,497,0,0,1
'F04F656',F04F656F207F2ped44,0,0,F207,Schuya_04,tame,498,0,0,2
'F05F588',F05F588F207F2ped44,0,0,F207,Dunay_04,tame,499,0,0,1
'F08F288',F08F288F207F2ped44,0,0,F207,6878(03),aggr,500,0,0,2
'F06F881',F06F881F207F2ped45,F03F111F207F2ped45,F05F512F207F2ped45,F207,Azhurit_06,F1,501,506,507,1
'F05F580',F05F580F207F2ped45,F05F587F207F2ped45,F05F592F207F2ped45,F207,Tema_05,F1,502,508,509,2
'F07F201',F07F201,F06F881F207F2ped45,F05F580F207F2ped45,F207,1f,F2,503,501,502,2
'F07F202',F07F202,F06F881F207F2ped45,F05F580F207F2ped45,F207,2m,F2,504,501,502,1
'F07F203',F07F203,F06F881F207F2ped45,F05F580F207F2ped45,F207,3m,F2,505,501,502,1
'F03F111',F03F111F207F2ped45,0,0,F207,6807(03),aggr,506,0,0,1
'F05F512',F05F512F207F2ped45,0,0,F207,Amanda_03,tame,507,0,0,2
'F05F587',F05F587F207F2ped45,0,0,F207,Altay_04,tame,508,0,0,1
'F05F592',F05F592F207F2ped45,0,0,F207,6926(04),aggr,509,0,0,2
'F06F471',F06F471F207F2ped46,F05F439F207F2ped46,F05F511F207F2ped46,F207,Devon_06,F1,510,513,514,1
'F05F579',F05F579F207F2ped46,F05F587F207F2ped46,F05F592F207F2ped46,F207,Teya_05,F1,511,515,516,2
'F07F268',F07F268,F06F471F207F2ped46,F05F579F207F2ped46,F207,1m,F2,512,510,511,1
'F05F439',F05F439F207F2ped46,0,0,F207,6817(03),aggr,513,0,0,1
'F05F511',F05F511F207F2ped46,0,0,F207,Dezhi_03,tame,514,0,0,2
'F05F587',F05F587F207F2ped46,0,0,F207,Altay_04,tame,515,0,0,1
'F05F592',F05F592F207F2ped46,0,0,F207,6926(04),aggr,516,0,0,2
'F05F334',F05F334F207F2ped47,F05F436F207F2ped47,F05F539F207F2ped47,F207,Dinat_05,F1,517,521,522,1
'F05F303',F05F303F207F2ped47,F05F588F207F2ped47,F05F492F207F2ped47,F207,Tina_05,F1,518,523,524,2
'F07F267',F07F267,F05F334F207F2ped47,F05F303F207F2ped47,F207,1m,F2,519,517,518,1
'F07F266',F07F266,F05F334F207F2ped47,F05F303F207F2ped47,F207,2m,F2,520,517,518,1
'F05F436',F05F436F207F2ped47,0,0,F207,6813(03),aggr,521,0,0,1
'F05F539',F05F539F207F2ped47,0,0,F207,Dina_99,tame,522,0,0,2
'F05F588',F05F588F207F2ped47,0,0,F207,Dunay_04,tame,523,0,0,1
'F05F492',F05F492F207F2ped47,0,0,F207,?6808(03),aggr,524,0,0,2
'F06F486',F06F486F207F2ped48,F04F056F207F2ped48,F04F645F207F2ped48,F207,Eon_06,F1,525,529,530,1
'F05F302',F05F302F207F2ped48,F05F588F207F2ped48,F05F492F207F2ped48,F207,Tosya_05,F1,526,531,532,2
'F07F172',F07F172,F06F486F207F2ped48,F05F302F207F2ped48,F207,1m,F2,527,525,526,1
'F07F173',F07F173,F06F486F207F2ped48,F05F302F207F2ped48,F207,2m,F2,528,525,526,1
'F04F056',F04F056F207F2ped48,0,0,F207,6903(04),aggr,529,0,0,1
'F04F645',F04F645F207F2ped48,0,0,F207,Eola_04,tame,530,0,0,2
'F05F588',F05F588F207F2ped48,0,0,F207,Dunay_04,tame,531,0,0,1
'F05F492',F05F492F207F2ped48,0,0,F207,6808(03),aggr,532,0,0,2
'F06F490',F06F490F207F2ped49,F04F056F207F2ped49,F04F645F207F2ped49,F207,Efes_06,F1,533,537,538,1
'F05F307',F05F307F207F2ped49,F05F532F207F2ped49,F05F484F207F2ped49,F207,Tuta_05,F1,534,539,540,2
'F07F229',F07F229,F06F490F207F2ped49,F05F307F207F2ped49,F207,1f,F2,535,533,534,2
'F07F228',F07F228,F06F490F207F2ped49,F05F307F207F2ped49,F207,2m,F2,536,533,534,1
'F04F056',F04F056F207F2ped49,0,0,F207,6903(04),aggr,537,0,0,1
'F04F645',F04F645F207F2ped49,0,0,F207,Eola_04,tame,538,0,0,2
'F05F532',F05F532F207F2ped49,0,0,F207,baron,tame,539,0,0,1
'F05F484',F05F484F207F2ped49,0,0,F207,6888(03),aggr,540,0,0,2
'F05F564',F05F564F206F2ped5,F05F439F206F2ped5,F05F590F206F2ped5,F206,Avsey_05,F1,43,50,51,1
'F05F302',F05F302F206F2ped5,F05F588F206F2ped5,F05F492F206F2ped5,F206,Tosya_05,F1,44,53,52,2
'F06F836',F06F836,F05F564F206F2ped5,F05F302F206F2ped5,F206,1m,F2,45,43,44,1
'F06F837',F06F837,F05F564F206F2ped5,F05F302F206F2ped5,F206,2m,F2,46,43,44,1
'F06F838',F06F838,F05F564F206F2ped5,F05F302F206F2ped5,F206,3m,F2,47,43,44,1
'F06F839',F06F839,F05F564F206F2ped5,F05F302F206F2ped5,F206,4m,F2,48,43,44,1
'F06F840',F06F840,F05F564F206F2ped5,F05F302F206F2ped5,F206,5m,F2,49,43,44,1
'F05F439',F05F439F206F2ped5,0,0,F206,6817(03),aggr,50,0,0,1
'F05F590',F05F590F206F2ped5,0,0,F206,Aglaida_04,tame,51,0,0,2
'F05F492',F05F492F206F2ped5,0,0,F206,6808(03),aggr,52,0,0,2
'F05F588',F05F588F206F2ped5,0,0,F206,Dunay04,tame,53,0,0,1
'F05F320',F05F320F207F2ped50,F05F594F207F2ped50,F05F511F207F2ped50,F207,Djonrid_05,F1,541,548,549,1
'F05F020',F05F020F207F2ped50,F04F683F207F2ped50,F05F484F207F2ped50,F207,Zhabava_04,F1,542,550,551,2
'F07F154',F07F154,F05F320F207F2ped50,F05F020F207F2ped50,F207,1m,F2,543,541,542,1
'F07F155',F07F155,F05F320F207F2ped50,F05F020F207F2ped50,F207,2f,F2,544,541,542,2
'F07F156',F07F156,F05F320F207F2ped50,F05F020F207F2ped50,F207,3f,F2,545,541,542,2
'F07F157',F07F157,F05F320F207F2ped50,F05F020F207F2ped50,F207,4m,F2,546,541,542,1
'F07F158',F07F158,F05F320F207F2ped50,F05F020F207F2ped50,F207,5f,F2,547,541,542,2
'F05F594',F05F594F207F2ped50,0,0,F207,6711(02),aggr,548,0,0,1
'F05F511',F05F511F207F2ped50,0,0,F207,Dezhi_03,tame,549,0,0,2
'F04F683',F04F683F207F2ped50,0,0,F207,Ahiles,tame,550,0,0,1
'F05F484',F05F484F207F2ped50,0,0,F207,6888(03),aggr,551,0,0,2
'F05F336',F05F336F207F2ped51,F05F439F207F2ped51,F05F500F207F2ped51,F207,Evklit_05,F1,552,562,563,1
'F05F011',F05F011F207F2ped51,F03S173F207F2ped51,0,F207,Zhinka_04,F1,553,564,565,2
'F07F174',F07F174,F05F336F207F2ped51,F05F011F207F2ped51,F207,1f,F2,554,552,553,2
'F07F175',F07F175,F05F336F207F2ped51,F05F011F207F2ped51,F207,2f,F2,555,552,553,2
'F07F176',F07F176,F05F336F207F2ped51,F05F011F207F2ped51,F207,3m,F2,556,552,553,1
'F07F177',F07F177,F05F336F207F2ped51,F05F011F207F2ped51,F207,4m,F2,557,552,553,1
'F07F178',F07F178,F05F336F207F2ped51,F05F011F207F2ped51,F207,5m,F2,558,552,553,1
'F07F179',F07F179,F05F336F207F2ped51,F05F011F207F2ped51,F207,6m,F2,559,552,553,1
'F07F180',F07F180,F05F336F207F2ped51,F05F011F207F2ped51,F207,7m,F2,560,552,553,1
'F07F181',F07F181,F05F336F207F2ped51,F05F011F207F2ped51,F207,8m,F2,561,552,553,1
'F05F439',F05F439F207F2ped51,0,0,F207,6817(03),aggr,562,0,0,1
'F05F500',F05F500F207F2ped51,0,0,F207,Ebi_03,tame,563,0,0,2
'F03S173',F03S173F207F2ped51,0,0,F207,Larek,tame,564,0,0,1
'F03S136',F03S136F207,0,0,F207,6576,aggr,565,0,0,2
'F05F560',F05F560F206F2ped6,F05F439F206F2ped6,F05F590F206F2ped6,F206,Agnat_05,F1,54,63,64,1
'F05F332',F05F332F206F2ped6,F05F436F206F2ped6,F05F539F206F2ped6,F206,Dgamilya_05,F1,55,65,66,2
'F06F519',F06F519,F05F560F206F2ped6,F05F332F206F2ped6,F206,1m,F2,56,54,55,1
'F06F518',F06F518,F05F560F206F2ped6,F05F332F206F2ped6,F206,2m,F2,57,54,55,1
'F06F517',F06F517,F05F560F206F2ped6,F05F332F206F2ped6,F206,3m,F2,58,54,55,1
'F06F516',F06F516,F05F560F206F2ped6,F05F332F206F2ped6,F206,4f,F2,59,54,55,2
'F06F515',F06F515,F05F560F206F2ped6,F05F332F206F2ped6,F206,5f,F2,60,54,55,2
'F06F514',F06F514,F05F560F206F2ped6,F05F332F206F2ped6,F206,6f,F2,61,54,55,2
'F06F513',F06F513,F05F560F206F2ped6,F05F332F206F2ped6,F206,7f,F2,62,54,55,2
'F05F439',F05F439F206F2ped6,0,0,F206,6817(03),aggr,63,0,0,1
'F05F590',F05F590F206F2ped6,0,0,F206,Aglaida_04,tame,64,0,0,2
'F05F436',F05F436F206F2ped6,0,0,F206,6813(03),aggr,65,0,0,1
'F05F539',F05F539F206F2ped6,0,0,F206,Dina_99,tame,66,0,0,2
'F05F560',F05F560F206F2ped7,F05F439F206F2ped7,F05F590F206F2ped7,F206,Agnat_05,F1,67,75,76,1
'F05F301',F05F301F206F2ped7,0F206F2ped7,F05F492F206F2ped7,F206,Troya_05,F1,68,77,78,2
'F06F535',F06F535,F05F560F206F2ped7,F05F301F206F2ped7,F206,1f,F2,69,67,68,2
'F06F534',F06F534,F05F560F206F2ped7,F05F301F206F2ped7,F206,2m,F2,70,67,68,1
'F06F533',F06F533,F05F560F206F2ped7,F05F301F206F2ped7,F206,3f,F2,71,67,68,2
'F06F532',F06F532,F05F560F206F2ped7,F05F301F206F2ped7,F206,4f,F2,72,67,68,2
'F06F531',F06F531,F05F560F206F2ped7,F05F301F206F2ped7,F206,5m,F2,73,67,68,1
'F06F530',F06F530,F05F560F206F2ped7,F05F301F206F2ped7,F206,6m,F2,74,67,68,1
'F05F439',F05F439F206F2ped7,0,0,F206,6817(03),aggr,75,0,0,1
'F05F590',F05F590F206F2ped7,0,0,F206,Aglaida_04,tame,76,0,0,2
'0F206F2',0F206F2ped7,0,0,F206,(F05F432)6803(03),aggr,77,0,0,1
'F05F492',F05F492F206F2ped7,0,0,F206,6808(03),aggr,78,0,0,2
'ped8sire',ped8sireF206F2ped8,F05F437F206F2ped8,F05F512F206F2ped8,F206,(F05F557)Apalacha_05,F1,79,87,88,1
'F05F335',F05F335F206F2ped8,F05F439F206F2ped8,F05F500F206F2ped8,F206,Evridika_05,F1,80,89,90,2
'F06F502',F06F502,ped8sireF206F2ped8,F05F335F206F2ped8,F206,1f,F2,81,79,80,2
'F06F501',F06F501,ped8sireF206F2ped8,F05F335F206F2ped8,F206,2m,F2,82,79,80,1
'F06F500',F06F500,ped8sireF206F2ped8,F05F335F206F2ped8,F206,3m,F2,83,79,80,1
'F06F499',F06F499,ped8sireF206F2ped8,F05F335F206F2ped8,F206,4f,F2,84,79,80,2
'F06F498',F06F498,ped8sireF206F2ped8,F05F335F206F2ped8,F206,5f,F2,85,79,80,2
'F06F497',F06F497,ped8sireF206F2ped8,F05F335F206F2ped8,F206,6m,F2,86,79,80,1
'F05F437',F05F437F206F2ped8,0,0,F206,6819(03),aggr,87,0,0,1
'F05F512',F05F512F206F2ped8,0,0,F206,Amanda_03,tame,88,0,0,2
'F05F439',F05F439F206F2ped8,0,0,F206,6817(03),aggr,89,0,0,1
'F05F500',F05F500F206F2ped8,0,0,F206,Ebi_03,tame,90,0,0,2
'F05F558',F05F558F206F2ped9,F206F2ped9,F206F2ped9,F206,Asirius_05,F1,91,99,100,1
'F05F325',F05F325F206F2ped9,0F206F2ped9,F05F505F206F2ped9,F206,Dota_05,F1,92,101,102,2
'F06F508',F06F508,F05F558F206F2ped9,F05F325F206F2ped9,F206,1f,F2,93,91,92,2
'F06F507',F06F507,F05F558F206F2ped9,F05F325F206F2ped9,F206,2m,F2,94,91,92,1
'F06F506',F06F506,F05F558F206F2ped9,F05F325F206F2ped9,F206,3f,F2,95,91,92,2
'F06F505',F06F505,F05F558F206F2ped9,F05F325F206F2ped9,F206,4m,F2,96,91,92,1
'F06F504',F06F504,F05F558F206F2ped9,F05F325F206F2ped9,F206,5m,F2,97,91,92,1
'F06F503',F06F503,F05F558F206F2ped9,F05F325F206F2ped9,F206,6m,F2,98,91,92,1
'00F206F',0,0,0,F206,0,0,99,0,0,1
'000F206',F206F2ped9,0,0,F206,0,0,100,0,0,2
'0F206F2',0F206F2ped9,0,0,F206,(F05F439)6817(03),aggr,101,0,0,1
'F05F505',F05F505F206F2ped9,0,0,F206,Dorna_03,tame,102,0,0,2
